1,Bonnie
2,Wilfredo
3,Dan
4,Payton
5,Idella
6,Sabina
7,Edward
8,Johnnie
9,Randi
10,Bryon
11,Marcella
12,Narciso
13,Keaton
14,Verda
15,Dee
16,Joaquin
17,Shemar
18,Jayson
19,Titus
20,Dejah
21,Baron
22,Gillian
23,Maye
24,Margot
25,Vita
26,Lucio
27,Seth
28,Kathryn
29,Jedediah
30,Janet
31,Antone
32,Lane
33,Erica
34,Scarlett
35,Casper
36,Maximillian
37,Rossie
38,Jared
39,Santiago
40,Napoleon
41,Jamey
42,Jacques
43,Edwardo
44,Asa
45,Era
46,Madisyn
47,Ole
48,Mateo
49,Eliezer
50,Talon